{
  "oldParams": true,
  "wave_type": 2,
  "p_env_attack": -0.15404662039948605,
  "p_env_sustain": 0.3181803510523723,
  "p_env_punch": 0.12791916109728932,
  "p_env_decay": 0.4824075627327864,
  "p_base_freq": 0,
  "p_freq_limit": 0,
  "p_freq_ramp": 0.9939695161515893,
  "p_freq_dramp": 0.33783996100979924,
  "p_vib_strength": 0,
  "p_vib_speed": 0.8839016199167156,
  "p_arp_mod": 0.49414609626247974,
  "p_arp_speed": 0.37187870391408206,
  "p_duty": 0.7301680152564043,
  "p_duty_ramp": -0.012618428158886351,
  "p_repeat_speed": 0,
  "p_pha_offset": 0.00868797895399707,
  "p_pha_ramp": -0.06838865863100112,
  "p_lpf_freq": 0.9996052876229639,
  "p_lpf_ramp": -0.3489508019002744,
  "p_lpf_resonance": 0.4825728657848427,
  "p_hpf_freq": 0.7924342561989256,
  "p_hpf_ramp": -0.6970882097914914,
  "sound_vol": 0.031,
  "sample_rate": 44100,
  "sample_size": 8,
  "ctime": 1777167964450,
  "mtime": 1777168135544,
  "preset": "random"
}