{
  "oldParams": true,
  "wave_type": 1,
  "p_env_attack": 0.02228554964455668,
  "p_env_sustain": 0.375963645178922,
  "p_env_punch": 0.11172342711304253,
  "p_env_decay": -0.29277299712675253,
  "p_base_freq": 0.012913484359156235,
  "p_freq_limit": 0,
  "p_freq_ramp": 0.017883983139152734,
  "p_freq_dramp": -0.2884731216032716,
  "p_vib_strength": 0.08576668356454742,
  "p_vib_speed": -0.04348156402630354,
  "p_arp_mod": 0.45068992492305915,
  "p_arp_speed": -0.8796316523076153,
  "p_duty": -0.14327448083356198,
  "p_duty_ramp": -0.022548108702301752,
  "p_repeat_speed": -0.10222533000466072,
  "p_pha_offset": -0.46638640662214664,
  "p_pha_ramp": 0.013310719809268201,
  "p_lpf_freq": 0.3982245468026273,
  "p_lpf_ramp": 0.015952924207477927,
  "p_lpf_resonance": 0.9992894598455029,
  "p_hpf_freq": 0.00012853000417459206,
  "p_hpf_ramp": 0.14933574405117883,
  "sound_vol": 0.15,
  "sample_rate": 44100,
  "sample_size": 8,
  "ctime": 1777165293932,
  "mtime": 1777165301957,
  "preset": "random"
}