{
  "oldParams": true,
  "wave_type": 3,
  "p_env_attack": -0.00242630393255875,
  "p_env_sustain": 0.04122486928533865,
  "p_env_punch": 0.015332820715441925,
  "p_env_decay": 0.18126881585293222,
  "p_base_freq": 0.4386409363294651,
  "p_freq_limit": 0,
  "p_freq_ramp": -0.6291992462127679,
  "p_freq_dramp": -0.028495544715607703,
  "p_vib_strength": -0.05193519179814969,
  "p_vib_speed": 0.08056531516615603,
  "p_arp_mod": -0.10338886735469224,
  "p_arp_speed": 0.008497836117370608,
  "p_duty": -0.021380389450127137,
  "p_duty_ramp": -0.0499336112998611,
  "p_repeat_speed": -0.04938799737986162,
  "p_pha_offset": -0.06446232025611037,
  "p_pha_ramp": -0.03154756506200904,
  "p_lpf_freq": 1.108877553814287,
  "p_lpf_ramp": 0.022528182709648136,
  "p_lpf_resonance": 0.08405809521342733,
  "p_hpf_freq": 0.11945212512325004,
  "p_hpf_ramp": 0.016117963958891528,
  "sound_vol": 0.25,
  "sample_rate": 44100,
  "sample_size": 8,
  "ctime": 1777164311849,
  "mtime": 1777164321730,
  "preset": "hitHurt",
  "p_vib_delay": 0.0737906053205448
}