{
  "oldParams": true,
  "wave_type": 2,
  "p_env_attack": 0,
  "p_env_sustain": 0.15538370700770632,
  "p_env_punch": 0.13964485492941325,
  "p_env_decay": 0.10170410403107073,
  "p_base_freq": 0.332,
  "p_freq_limit": 0,
  "p_freq_ramp": 0,
  "p_freq_dramp": 0,
  "p_vib_strength": 0,
  "p_vib_speed": 0,
  "p_arp_mod": 0.7454,
  "p_arp_speed": 0.5594505905154066,
  "p_duty": 0.6083763367636856,
  "p_duty_ramp": 0,
  "p_repeat_speed": 0,
  "p_pha_offset": 0,
  "p_pha_ramp": 0,
  "p_lpf_freq": 0.1688957423957091,
  "p_lpf_ramp": 0.6325944622560316,
  "p_lpf_resonance": 0.392803633807285,
  "p_hpf_freq": 0,
  "p_hpf_ramp": 0,
  "sound_vol": 0.131,
  "sample_rate": 44100,
  "sample_size": 16,
  "ctime": 1777168245606,
  "mtime": 1777175079368,
  "preset": "synth"
}