{
  "oldParams": true,
  "wave_type": 2,
  "p_env_attack": 0,
  "p_env_sustain": 0.3698351083913912,
  "p_env_punch": 0.8073825072858539,
  "p_env_decay": 0.2692297622221628,
  "p_base_freq": 0.13615778746815113,
  "p_freq_limit": 0,
  "p_freq_ramp": 0,
  "p_freq_dramp": 0,
  "p_vib_strength": 0,
  "p_vib_speed": 0,
  "p_arp_mod": 0,
  "p_arp_speed": 0.44477593676284466,
  "p_duty": 0.9586261662269647,
  "p_duty_ramp": 0,
  "p_repeat_speed": 0,
  "p_pha_offset": 0,
  "p_pha_ramp": 0,
  "p_lpf_freq": 0.3382937082887051,
  "p_lpf_ramp": -0.9456195925348527,
  "p_lpf_resonance": 0.32395654250525174,
  "p_hpf_freq": 0,
  "p_hpf_ramp": 0,
  "sound_vol": 0.25,
  "sample_rate": 44100,
  "sample_size": 8,
  "ctime": 1777165691356,
  "mtime": 1777165693343,
  "preset": "synth"
}