{
  "oldParams": true,
  "wave_type": 1,
  "p_env_attack": 0,
  "p_env_sustain": 0.0629037580490717,
  "p_env_punch": 0.3950602158590091,
  "p_env_decay": 0.35338325299370665,
  "p_base_freq": 0.5777024222476245,
  "p_freq_limit": 0,
  "p_freq_ramp": 0,
  "p_freq_dramp": 0,
  "p_vib_strength": 0,
  "p_vib_speed": 0,
  "p_arp_mod": 0.31231366093298135,
  "p_arp_speed": 0.6356527176694919,
  "p_duty": 0,
  "p_duty_ramp": 0,
  "p_repeat_speed": 0,
  "p_pha_offset": 0,
  "p_pha_ramp": 0,
  "p_lpf_freq": 1,
  "p_lpf_ramp": 0,
  "p_lpf_resonance": 0,
  "p_hpf_freq": 0,
  "p_hpf_ramp": 0,
  "sound_vol": 0.25,
  "sample_rate": 44100,
  "sample_size": 8,
  "ctime": 1777165188232,
  "mtime": 1777165188232,
  "preset": "pickupCoin"
}